invConc,invVol
0.5,30341.46341
0.666666667,28796.2963
1,25387.7551
1.25,37696.9697
2,64123.71134
5,88857.14286
10,194375
20,194375
50,388750
